Model,CV F1 (mean±std),Test Accuracy,Test Precision,Test Recall,Test F1,Test ROC-AUC,Fit Time (s)
Logistic Regression,0.2694±0.0856,0.7671232876712328,0.2222222222222222,0.5714285714285714,0.32,0.6536796536796536,0.024076414108276368
XGBoost,0.5359±0.0406,0.5205479452054794,0.1111111111111111,0.5714285714285714,0.18604651162790697,0.461038961038961,0.16964001655578614
Random Forest,0.5106±0.0556,0.6027397260273972,0.041666666666666664,0.14285714285714285,0.06451612903225806,0.5238095238095237,0.5760669231414794
Gradient Boosting,0.4741±0.0237,0.5205479452054794,0.03333333333333333,0.14285714285714285,0.05405405405405406,0.35497835497835495,0.35404057502746583
