Model,CV F1 (mean±std),Test Accuracy,Test Precision,Test Recall,Test F1,Test ROC-AUC,Fit Time (s)
Logistic Regression,0.3993±0.0351,0.8627450980392157,0.4444444444444444,0.6666666666666666,0.5333333333333333,0.7703703703703704,0.027976036071777344
Random Forest,0.5246±0.0645,0.5686274509803921,0.16666666666666666,0.6666666666666666,0.26666666666666666,0.575925925925926,0.6116735458374023
Gradient Boosting,0.4437±0.0579,0.6274509803921569,0.15789473684210525,0.5,0.24,0.5333333333333333,0.31331920623779297
XGBoost,0.5397±0.0847,0.5882352941176471,0.14285714285714285,0.5,0.2222222222222222,0.5518518518518518,0.2099374771118164
