Model,CV F1 (mean±std),Test Accuracy,Test Precision,Test Recall,Test F1,Test ROC-AUC,Fit Time (s)
Gradient Boosting,0.5114±0.0683,0.6153846153846154,0.5384615384615384,0.3333333333333333,0.4117647058823529,0.5161290322580645,0.18826775550842284
Logistic Regression,0.5527±0.1144,0.6346153846153846,0.625,0.23809523809523808,0.3448275862068966,0.4715821812596006,0.009614944458007812
Random Forest,0.5438±0.0676,0.5384615384615384,0.38461538461538464,0.23809523809523808,0.29411764705882354,0.6420890937019968,0.3280897617340088
XGBoost,0.5847±0.0512,0.5192307692307693,0.3333333333333333,0.19047619047619047,0.24242424242424243,0.5437788018433181,0.0270111083984375
