Model,CV F1 (mean±std),Test Accuracy,Test Precision,Test Recall,Test F1,Test ROC-AUC,Fit Time (s)
Logistic Regression,0.3407±0.0489,0.828125,0.42857142857142855,0.6666666666666666,0.5217391304347826,0.6444444444444444,0.02582826614379883
Random Forest,0.5217±0.0902,0.578125,0.17857142857142858,0.5555555555555556,0.2702702702702703,0.5686868686868687,1.159487819671631
XGBoost,0.5083±0.0344,0.484375,0.14705882352941177,0.5555555555555556,0.23255813953488372,0.509090909090909,0.8786464691162109
Gradient Boosting,0.4799±0.0199,0.59375,0.13043478260869565,0.3333333333333333,0.1875,0.507070707070707,0.9497436046600342
