class,precision,recall,f1-score,support
fast,0.918918918918919,0.5151515151515151,0.6601941747572816,66.0
slow,0.1111111111111111,0.5714285714285714,0.18604651162790697,7.0
accuracy,0.5205479452054794,0.5205479452054794,0.5205479452054794,0.5205479452054794
macro avg,0.515015015015015,0.5432900432900433,0.4231203431925943,73.0
weighted avg,0.8414578962524168,0.5205479452054794,0.6147279604846019,73.0
