class,precision,recall,f1-score,support
fast,0.8888888888888888,0.5818181818181818,0.7032967032967034,55.0
slow,0.17857142857142858,0.5555555555555556,0.2702702702702703,9.0
accuracy,0.578125,0.578125,0.578125,0.578125
macro avg,0.5337301587301587,0.5686868686868687,0.4867834867834868,64.0
weighted avg,0.7890004960317459,0.578125,0.6424023611523613,64.0
