class,precision,recall,f1-score,support
fast,0.9,0.6,0.72,45.0
slow,0.14285714285714285,0.5,0.2222222222222222,6.0
accuracy,0.5882352941176471,0.5882352941176471,0.5882352941176471,0.5882352941176471
macro avg,0.5214285714285715,0.55,0.4711111111111111,51.0
weighted avg,0.810924369747899,0.5882352941176471,0.661437908496732,51.0
