class,precision,recall,f1-score,support
fast,0.575,0.7419354838709677,0.647887323943662,31.0
slow,0.3333333333333333,0.19047619047619047,0.24242424242424243,21.0
accuracy,0.5192307692307693,0.5192307692307693,0.5192307692307693,0.5192307692307693
macro avg,0.4541666666666666,0.4662058371735791,0.4451557831839522,52.0
weighted avg,0.4774038461538461,0.5192307692307693,0.4841426179454348,52.0
