difficulty,support,accuracy,f1,precision,recall
challenging,10,0.4,0.5,0.6,0.42857142857142855
moderate,21,0.3333333333333333,0.125,0.2,0.09090909090909091
simple,21,0.7619047619047619,0.0,0.0,0.0
