db_id,support,accuracy,f1,precision,recall
financial,32,0.4375,0.18181818181818182,0.1111111111111111,0.5
formula_1,41,0.5853658536585366,0.19047619047619047,0.1111111111111111,0.6666666666666666
