difficulty,n_queries,accuracy,f1,precision,recall
challenging,9,0.4444444444444444,0.4444444444444444,0.3333333333333333,0.6666666666666666
moderate,23,0.5652173913043478,0.16666666666666666,0.1,0.5
simple,23,0.43478260869565216,0.0,0.0,0.0
