db_id,n_queries,accuracy,f1,precision,recall
financial,22,0.5454545454545454,0.16666666666666666,0.1111111111111111,0.3333333333333333
formula_1,33,0.45454545454545453,0.18181818181818182,0.10526315789473684,0.6666666666666666