difficulty,support,accuracy,f1,precision,recall
challenging,13,0.38461538461538464,0.2,0.14285714285714285,0.3333333333333333
moderate,33,0.48484848484848486,0.2608695652173913,0.15,1.0
simple,27,0.6296296296296297,0.0,0.0,0.0
