db_id,support,accuracy,f1,precision,recall
financial,12,0.4166666666666667,0.0,0.0,0.0
formula_1,40,0.55,0.3076923076923077,0.5,0.2222222222222222
