db_id,support,accuracy,f1,precision,recall
financial,30,0.5333333333333333,0.125,0.08333333333333333,0.25
formula_1,34,0.6176470588235294,0.38095238095238093,0.25,0.8
