difficulty,support,accuracy,f1,precision,recall
challenging,14,0.5,0.5333333333333333,0.4,0.8
moderate,28,0.5714285714285714,0.14285714285714285,0.09090909090909091,0.3333333333333333
simple,22,0.6363636363636364,0.0,0.0,0.0
