db_id,support,accuracy,f1,precision,recall
financial,22,0.6363636363636364,0.2,0.14285714285714285,0.3333333333333333
formula_1,29,0.5517241379310345,0.23529411764705882,0.14285714285714285,0.6666666666666666
