difficulty,support,accuracy,f1,precision,recall
challenging,9,0.4444444444444444,0.2857142857142857,0.25,0.3333333333333333
moderate,20,0.7,0.4,0.25,1.0
simple,22,0.5454545454545454,0.0,0.0,0.0
