commit,status,rows,fast_rows,slow_rows,seen_train_rows,seen_test_rows,unseen_train_rows,unseen_test_rows,global_seen_f1,global_unseen_f1,both_seen_f1,both_unseen_f1,global_seen_roc_auc,global_unseen_roc_auc,both_seen_roc_auc,both_unseen_roc_auc
1a537e0,ok,211,196,15,163,45,156,55,0.6666666666666666,0.42857142857142855,0.8,0.46153846153846156,0.9444444444444444,0.9319727891156463,0.9523809523809524,0.9251700680272109
061f0ff,ok,210,194,16,162,45,159,51,0.8571428571428571,0.5454545454545454,0.6666666666666666,0.5454545454545454,0.9939024390243902,0.937037037037037,1.0,0.9259259259259259
018ac87,ok,244,231,13,190,51,171,73,1.0,0.46153846153846156,0.8571428571428571,0.5,1.0,0.9090909090909091,1.0,0.8917748917748918
